<?xml version="1.0" encoding="UTF-8"?>
<configuration>
    <appender name="fileAppender" class="ch.qos.logback.core.FileAppender">
        <file></file>
        <append>true</append>
        <encoder>
            <pattern>%d [%thread] %-5level  %logger{35} - %msg%n</pattern>
        </encoder>
    </appender>
    
    <appender name="console" class="ch.qos.logback.core.ConsoleAppender">
        <layout class="ch.qos.logback.classic.PatternLayout">
            <Pattern>%d{HH:mm:ss.SSS} [%thread] %-5level %logger{36} - %msg%n</Pattern>
        </layout>
    </appender>
    
    <logger name="org">
        <level value="INFO" />
    </logger>

     
    <root level="INFO">
        <appender-ref ref="console" />
    </root>
</configuration>